inventory_id,customer_id
1,3
2,5
3,2
4,2
6,5
7,4
8,2
9,2
10,3
11,2
12,2
13,2
14,5
15,3
16,3
17,5
18,2
19,3
20,4
21,3
22,3
23,5
24,4
25,3
26,5
27,4
28,2
29,3
30,5
31,2
32,2
33,4
34,3
35,4
36,2
37,5
38,3
39,5
40,5
41,3
42,3
43,2
44,2
45,2
46,4
47,2
48,2
49,3
50,4
51,4
52,4
53,5
54,2
55,3
56,3
57,2
58,5
59,4
60,2
61,4
62,5
63,5
64,2
65,4
66,4
67,2
68,2
69,2
70,3
71,5
72,5
73,3
74,2
75,3
76,4
77,2
78,4
79,5
80,3
81,2
82,3
83,2
84,2
85,5
86,4
87,5
88,5
89,3
90,2
91,4
92,3
93,2
94,4
95,5
96,2
97,4
98,4
99,4
100,4
101,2
102,5
103,5
104,3
105,4
106,3
107,2
108,4
109,4
110,4
111,2
112,2
113,3
114,2
115,4
116,3
117,4
118,5
119,5
120,4
121,2
122,4
123,4
124,3
125,4
126,5
127,2
128,3
129,5
130,5
131,5
132,4
133,5
134,3
135,4
136,3
137,2
138,4
139,5
140,5
141,5
142,5
143,5
144,4
145,5
146,5
147,4
148,3
149,3
150,5
151,5
152,3
153,3
154,2
155,4
156,2
157,2
158,5
159,4
160,2
161,4
162,3
163,4
164,4
165,4
166,3
167,2
168,4
169,2
170,3
171,2
172,4
173,4
174,3
175,2
176,4
177,2
178,5
179,3
180,2
181,2
182,5
183,4
184,5
185,4
186,5
187,5
188,2
189,4
190,5
191,3
192,2
193,2
194,5
195,3
196,3
197,4
198,3
199,2
200,4
201,4
202,4
203,3
204,4
205,5
206,4
207,5
208,4
209,2
210,5
211,3
212,5
213,5
214,5
215,4
216,4
217,2
218,3
219,4
220,4
221,4
222,2
223,3
224,3
225,5
226,3
227,5
228,4
229,4
230,4
231,4
232,2
233,3
234,5
235,4
236,3
237,4
238,4
239,5
240,4
241,5
242,5
243,4
244,4
245,5
246,4
247,3
248,4
249,5
250,2
251,4
252,3
253,4
254,2
255,2
256,3
257,2
258,5
259,3
260,4
261,5
262,3
263,5
264,3
265,4
266,5
267,5
268,5
269,4
270,5
271,2
272,4
273,5
274,3
275,3
276,4
277,3
278,3
279,3
280,5
281,2
282,4
283,2
284,4
285,3
286,4
287,4
288,5
289,2
290,2
291,4
292,3
293,3
294,3
295,3
296,4
297,3
298,3
299,5
300,2
301,5
302,3
303,5
304,3
305,2
306,2
307,2
308,3
309,3
310,4
311,2
312,4
313,4
314,5
315,4
316,5
317,2
318,4
319,2
320,4
321,2
322,3
323,4
324,4
325,2
326,4
327,5
328,3
329,2
330,5
331,5
332,2
333,3
334,2
335,2
336,2
337,3
338,2
339,5
340,4
341,2
342,3
343,4
344,2
345,3
346,3
347,2
348,2
349,3
350,5
351,4
352,5
353,5
354,5
355,3
356,2
357,3
358,2
359,3
360,5
361,4
362,3
363,5
364,3
365,2
366,2
367,5
368,5
369,3
370,2
371,4
372,5
373,5
374,4
375,5
376,4
377,5
378,3
379,5
380,5
381,2
382,3
383,4
384,4
385,3
386,5
387,5
388,2
389,5
390,5
391,3
392,2
393,5
394,2
395,3
396,2
397,4
398,3
399,5
400,3
401,2
402,4
403,5
404,3
405,2
406,3
407,5
408,2
409,4
410,2
411,2
412,3
413,2
414,3
415,3
416,3
417,4
418,4
419,3
420,2
421,4
422,2
423,2
424,5
425,5
426,2
427,3
428,4
429,2
430,3
431,5
432,3
433,3
434,5
435,5
436,3
437,2
438,3
439,3
440,3
441,5
442,4
443,5
444,4
445,3
446,3
447,4
448,4
449,3
450,3
451,5
452,5
453,3
454,2
455,2
456,4
457,4
458,5
459,3
460,5
461,5
462,4
463,4
464,2
465,3
466,5
467,4
468,5
469,5
470,5
471,5
472,2
473,5
474,4
475,2
476,3
477,2
478,4
479,3
480,4
481,4
482,3
483,3
484,2
485,5
486,3
487,5
488,3
489,2
490,4
491,5
492,3
493,4
494,3
495,5
496,3
497,5
498,3
499,3
500,5
501,3
502,3
503,5
504,2
505,2
506,4
507,2
508,2
509,2
510,3
511,5
512,4
513,4
514,3
515,5
516,3
517,4
518,4
519,2
520,2
521,2
522,5
523,4
524,2
525,2
526,2
527,3
528,2
529,3
530,5
531,3
532,3
533,5
534,2
535,5
536,5
537,3
538,4
539,4
540,2
541,3
542,4
543,2
544,2
545,2
546,3
547,4
548,5
549,4
550,4
551,2
552,2
553,5
554,2
555,2
556,4
557,3
558,3
559,4
560,4
561,4
562,4
563,3
564,2
565,4
566,2
567,2
568,3
569,4
570,4
571,3
572,2
573,4
574,2
575,3
576,3
577,2
578,5
579,2
580,4
581,5
582,3
583,3
584,3
585,5
586,3
587,4
588,2
589,2
590,3
591,4
592,5
593,5
594,3
595,5
596,4
597,5
598,2
599,5
600,5
601,5
602,5
603,2
604,3
605,4
606,2
607,2
608,3
609,5
610,4
611,5
612,3
613,2
614,4
615,4
616,4
617,5
618,4
619,5
620,2
621,3
622,5
623,5
624,4
625,3
626,3
627,3
628,2
629,3
630,5
631,2
632,5
633,5
634,4
635,5
636,4
637,3
638,5
639,3
640,3
641,2
642,3
643,4
644,5
645,3
646,5
647,5
648,2
649,2
650,3
651,5
652,2
653,4
654,4
655,5
656,5
657,5
658,3
659,4
660,2
661,5
662,3
663,2
664,4
665,2
666,5
667,5
668,3
669,3
670,3
671,2
672,4
673,3
674,5
675,2
676,3
677,3
678,2
679,5
680,4
681,4
682,2
683,4
684,2
685,2
686,3
687,5
688,5
689,2
690,2
691,5
692,4
693,2
694,4
695,3
696,3
697,5
698,4
699,4
700,2
701,3
702,3
703,4
704,2
705,4
706,4
707,3
708,5
709,5
710,2
711,4
712,5
713,2
714,2
715,5
716,4
717,3
718,3
719,5
720,3
721,4
722,2
723,5
724,3
725,3
726,5
727,5
728,2
729,5
730,5
731,4
732,4
733,2
734,5
735,4
736,4
737,3
738,2
739,5
740,4
741,3
742,5
743,4
744,2
745,3
746,3
747,2
748,2
749,5
750,4
751,5
752,5
753,4
754,3
755,4
756,2
757,3
758,3
759,3
760,5
761,4
762,4
763,5
764,5
765,3
766,5
767,2
768,4
769,5
770,2
771,4
772,2
773,3
774,4
775,5
776,5
777,2
778,3
779,2
780,3
781,2
782,4
783,3
784,3
785,5
786,4
787,4
788,3
789,3
790,2
791,2
792,2
793,3
794,5
795,3
796,4
797,5
798,2
799,3
800,5
801,2
802,5
803,2
804,4
805,3
806,4
807,4
808,3
809,4
810,5
811,5
812,2
813,3
814,4
815,5
816,4
817,2
818,5
819,5
820,2
821,5
822,4
823,2
824,3
825,3
826,5
827,2
828,4
829,4
830,5
831,3
832,2
833,5
834,3
835,4
836,2
837,3
838,2
839,3
840,3
841,3
842,5
843,3
844,4
845,3
846,4
847,5
848,5
849,3
850,3
851,5
852,2
853,4
854,4
855,2
856,3
857,2
858,4
859,2
860,4
861,2
862,2
863,4
864,3
865,5
866,2
867,2
868,4
869,4
870,4
871,4
872,5
873,3
874,4
875,2
876,2
877,4
878,2
879,2
880,2
881,3
882,3
883,4
884,2
885,2
886,5
887,5
888,3
889,4
890,3
891,2
892,3
893,2
894,2
895,4
896,3
897,3
898,5
899,4
900,2
901,5
902,3
903,3
904,2
905,3
906,4
907,5
908,3
909,5
910,5
911,3
912,4
913,3
914,5
915,4
916,3
917,5
918,2
919,3
920,2
921,5
922,3
923,4
924,5
925,2
926,2
927,3
928,5
929,2
930,2
931,4
932,4
933,5
934,2
935,3
936,3
937,4
938,5
939,2
940,2
941,3
942,3
943,2
944,5
945,3
946,5
947,3
948,4
949,5
950,4
951,3
952,5
953,4
954,2
955,5
956,2
957,3
958,3
959,3
960,2
961,2
962,2
963,3
964,3
965,5
966,2
967,3
968,2
969,2
970,3
971,5
972,2
973,2
974,2
975,3
976,2
977,4
978,3
979,3
980,4
981,2
982,4
983,3
984,5
985,2
986,3
987,4
988,4
989,5
990,3
991,3
992,5
993,3
994,4
995,4
996,3
997,3
998,2
999,4
1000,4
1001,3
1002,3
1003,4
1004,2
1005,2
1006,2
1007,5
1008,4
1009,3
1010,2
1011,2
1012,5
1013,4
1014,4
1015,4
1016,2
1017,4
1018,2
1019,5
1020,5
1021,5
1022,4
1023,2
1024,4
1025,5
1026,4
1027,5
1028,4
1029,2
1030,3
1031,2
1032,2
1033,4
1034,2
1035,2
1036,3
1037,2
1038,2
1039,4
1040,2
1041,5
1042,3
1043,4
1044,5
1045,2
1046,2
1047,3
1048,3
1049,4
1050,5
1051,2
1052,2
1053,5
1054,5
1055,4
1056,4
1057,4
1058,4
1059,2
1060,3
1061,4
1062,4
1063,4
1064,3
1065,2
1066,5
1067,5
1068,2
1069,5
1070,5
1071,4
1072,2
1073,4
1074,2
1075,4
1076,4
1077,5
1078,2
1079,2
1080,3
1081,4
1082,2
1083,5
1084,5
1085,5
1086,5
1087,4
1088,2
1089,2
1090,5
1091,4
1092,3
1093,3
1094,2
1095,3
1096,5
1097,5
1098,2
1099,5
1100,3
1101,4
1102,5
1103,5
1104,2
1105,4
1106,2
1107,3
1108,4
1109,2
1110,3
1111,5
1112,2
1113,5
1114,3
1115,3
1116,5
1117,2
1118,5
1119,5
1120,2
1121,4
1122,5
1123,5
1124,3
1125,2
1126,2
1127,3
1128,2
1129,3
1130,3
1131,5
1132,2
1133,5
1134,2
1135,4
1136,2
1137,5
1138,4
1139,5
1140,2
1141,4
1142,3
1143,3
1144,5
1145,4
1146,5
1147,4
1148,3
1149,2
1150,5
1151,3
1152,5
1153,2
1154,4
1155,2
1156,5
1157,3
1158,5
1159,2
1160,5
1161,2
1162,5
1163,2
1164,4
1165,2
1166,4
1167,4
1168,3
1169,2
1170,4
1171,2
1172,5
1173,4
1174,5
1175,3
1176,4
1177,3
1178,3
1179,4
1180,2
1181,3
1182,4
1183,5
1184,4
1185,4
1186,5
1187,4
1188,5
1189,4
1190,3
1191,5
1192,3
1193,3
1194,3
1195,2
1196,2
1197,5
1198,4
1199,3
1200,4
1201,5
1202,3
1203,5
1204,3
1205,2
1206,5
1207,2
1208,5
1209,3
1210,2
1211,3
1212,2
1213,4
1214,3
1215,4
1216,3
1217,2
1218,4
1219,4
1220,3
1221,5
1222,5
1223,4
1224,4
1225,5
1226,3
1227,5
1228,2
1229,5
1230,5
1231,5
1232,2
1233,2
1234,2
1235,5
1236,4
1237,3
1238,2
1239,3
1240,2
1241,3
1242,5
1243,3
1244,3
1245,4
1246,3
1247,5
1248,2
1249,2
1250,2
1251,3
1252,3
1253,5
1254,5
1255,4
1256,2
1257,5
1258,5
1259,5
1260,2
1261,4
1262,2
1263,3
1264,5
1265,5
1266,4
1267,2
1268,2
1269,4
1270,4
1271,3
1272,3
1273,5
1274,2
1275,3
1276,2
1277,4
1278,5
1279,4
1280,2
1281,5
1282,3
1283,5
1284,4
1285,2
1286,5
1287,5
1288,5
1289,2
1290,5
1291,4
1292,4
1293,5
1294,5
1295,3
1296,4
1297,2
1298,4
1299,5
1300,5
1301,2
1302,3
1303,5
1304,4
1305,4
1306,4
1307,4
1308,5
1309,4
1310,3
1311,4
1312,3
1313,5
1314,5
1315,3
1316,2
1317,3
1318,4
1319,3
1320,2
1321,5
1322,3
1323,4
1324,4
1325,2
1326,5
1327,2
1328,2
1329,2
1330,4
1331,4
1332,3
1333,2
1334,5
1335,2
1336,4
1337,5
1338,5
1339,3
1340,3
1341,2
1342,4
1343,5
1344,4
1345,2
1346,2
1347,4
1348,2
1349,5
1350,3
1351,4
1352,5
1353,2
1354,5
1355,4
1356,5
1357,3
1358,4
1359,5
1360,2
1361,4
1362,2
1363,5
1364,5
1365,2
1366,5
1367,3
1368,3
1369,5
1370,4
1371,2
1372,4
1373,4
1374,4
1375,2
1376,3
1377,2
1378,3
1379,3
1380,5
1381,5
1382,5
1383,5
1384,2
1385,5
1386,3
1387,5
1388,5
1389,4
1390,2
1391,4
1392,5
1393,5
1394,2
1395,5
1396,5
1397,2
1398,5
1399,4
1400,5
1401,4
1402,4
1403,4
1404,5
1405,4
1406,4
1407,4
1408,4
1409,5
1410,3
1411,5
1412,5
1413,5
1414,5
1415,2
1416,2
1417,3
1418,2
1419,2
1420,3
1421,3
1422,3
1423,3
1424,3
1425,4
1426,3
1427,3
1428,5
1429,3
1430,2
1431,4
1432,3
1433,4
1434,5
1435,4
1436,2
1437,4
1438,5
1439,2
1440,3
1441,5
1442,4
1443,3
1444,4
1445,2
1446,5
1447,2
1448,2
1449,5
1450,2
1451,3
1452,3
1453,5
1454,3
1455,2
1456,3
1457,5
1458,4
1459,3
1460,3
1461,2
1462,3
1463,3
1464,5
1465,4
1466,3
1467,4
1468,2
1469,4
1470,2
1471,5
1472,4
1473,4
1474,5
1475,2
1476,4
1477,2
1478,4
1479,2
1480,3
1481,4
1482,4
1483,2
1484,4
1485,2
1486,3
1487,2
1488,4
1489,5
1490,4
1491,4
1492,4
1493,2
1494,5
1495,3
1496,5
1497,3
1498,5
1499,2
1500,3
1501,2
1502,4
1503,3
1504,2
1505,5
1506,2
1507,2
1508,4
1509,4
1510,5
1511,4
1512,4
1513,4
1514,5
1515,4
1516,4
1517,2
1518,5
1519,2
1520,5
1521,5
1522,3
1523,5
1524,4
1525,5
1526,3
1527,5
1528,3
1529,5
1530,3
1531,4
1532,2
1533,3
1534,4
1535,4
1536,5
1537,2
1538,2
1539,3
1540,4
1541,2
1542,2
1543,4
1544,3
1545,2
1546,4
1547,3
1548,3
1549,2
1550,4
1551,4
1552,3
1553,4
1554,5
1555,3
1556,4
1557,3
1558,4
1559,2
1560,2
1561,3
1562,4
1563,2
1564,3
1565,5
1566,2
1567,5
1568,3
1569,4
1570,4
1571,3
1572,5
1573,5
1574,2
1575,5
1576,2
1577,2
1578,5
1579,3
1580,1
1581,5
1582,2
1583,2
1584,5
1585,5
1586,5
1587,2
1588,5
1589,4
1590,5
1591,5
1592,3
1593,2
1594,5
1595,3
1596,2
1597,2
1598,2
1599,3
1600,2
1601,2
1602,5
1603,2
1604,3
1605,2
1606,3
1607,3
1608,3
1609,2
1610,2
1611,2
1612,2
1613,5
1614,3
1615,3
1616,3
1617,4
1618,5
1619,5
1620,4
1621,4
1622,5
1623,4
1624,4
1625,5
1626,4
1627,3
1628,4
1629,5
1630,3
1631,4
1632,5
1633,2
1634,2
1635,2
1636,2
1637,2
1638,3
1639,5
1640,3
1641,4
1642,5
1643,3
1644,4
1645,2
1646,2
1647,2
1648,5
1649,5
1650,2
1651,3
1652,4
1653,3
1654,4
1655,5
1656,4
1657,4
1658,2
1659,2
1660,3
1661,4
1662,5
1663,2
1664,2
1665,3
1666,4
1667,2
1668,2
1669,4
1670,4
1671,4
1672,4
1673,2
1674,2
1675,5
1676,4
1677,5
1678,2
1679,3
1680,3
1681,5
1682,2
1683,3
1684,5
1685,3
1686,5
1687,4
1688,5
1689,5
1690,4
1691,5
1692,3
1693,3
1694,3
1695,4
1696,4
1697,5
1698,2
1699,5
1700,4
1701,5
1702,3
1703,3
1704,3
1705,2
1706,3
1707,3
1708,5
1709,2
1710,2
1711,5
1712,2
1713,5
1714,5
1715,4
1716,3
1717,5
1718,5
1719,3
1720,5
1721,5
1722,3
1723,2
1724,3
1725,4
1726,4
1727,2
1728,4
1729,4
1730,3
1731,5
1732,3
1733,3
1734,3
1735,3
1736,5
1737,3
1738,4
1739,4
1740,3
1741,4
1742,3
1743,2
1744,5
1745,3
1746,4
1747,2
1748,4
1749,4
1750,4
1751,3
1752,2
1753,3
1754,2
1755,4
1756,3
1757,5
1758,5
1759,2
1760,4
1761,5
1762,2
1763,5
1764,4
1765,4
1766,3
1767,2
1768,4
1769,5
1770,2
1771,2
1772,4
1773,2
1774,5
1775,2
1776,4
1777,5
1778,3
1779,4
1780,5
1781,5
1782,3
1783,5
1784,2
1785,5
1786,5
1787,4
1788,3
1789,5
1790,4
1791,3
1792,3
1793,2
1794,2
1795,5
1796,2
1797,3
1798,4
1799,5
1800,5
1801,5
1802,2
1803,2
1804,2
1805,3
1806,4
1807,2
1808,3
1809,2
1810,5
1811,5
1812,2
1813,2
1814,5
1815,5
1816,5
1817,5
1818,5
1819,5
1820,4
1821,4
1822,5
1823,4
1824,5
1825,5
1826,3
1827,5
1828,5
1829,5
1830,4
1831,2
1832,2
1833,5
1834,4
1835,4
1836,4
1837,3
1838,3
1839,2
1840,2
1841,3
1842,5
1843,4
1844,2
1845,4
1846,3
1847,3
1848,4
1849,3
1850,5
1851,4
1852,4
1853,5
1854,2
1855,3
1856,4
1857,3
1858,3
1859,5
1860,2
1861,2
1862,5
1863,4
1864,4
1865,2
1866,5
1867,2
1868,3
1869,3
1870,4
1871,3
1872,5
1873,2
1874,2
1875,2
1876,2
1877,4
1878,3
1879,3
1880,4
1881,4
1882,2
1883,2
1884,5
1885,5
1886,5
1887,2
1888,3
1889,2
1890,5
1891,2
1892,2
1893,4
1894,2
1895,3
1896,5
1897,5
1898,2
1899,5
1900,2
1901,3
1902,4
1903,3
1904,3
1905,5
1906,4
1907,4
1908,2
1909,3
1910,4
1911,4
1912,2
1913,5
1914,5
1915,3
1916,2
1917,3
1918,2
1919,5
1920,5
1921,5
1922,5
1923,4
1924,2
1925,5
1926,4
1927,2
1928,5
1929,4
1930,5
1931,2
1932,3
1933,2
1934,4
1935,4
1936,4
1937,3
1938,4
1939,4
1940,5
1941,5
1942,3
1943,4
1944,3
1945,3
1946,5
1947,3
1948,3
1949,2
1950,4
1951,5
1952,4
1953,4
1954,5
1955,5
1956,4
1957,4
1958,4
1959,4
1960,4
1961,4
1962,5
1963,4
1964,3
1965,2
1966,5
1967,3
1968,2
1969,2
1970,5
1971,2
1972,3
1973,3
1974,3
1975,4
1976,4
1977,2
1978,2
1979,4
1980,3
1981,2
1982,4
1983,5
1984,4
1985,4
1986,5
1987,4
1988,3
1989,4
1990,2
1991,3
1992,3
1993,5
1994,4
1995,5
1996,2
1997,3
1998,4
1999,5
2000,2
2001,5
2002,2
2003,4
2004,2
2005,4
2006,2
2007,4
2008,5
2009,4
2010,5
2011,3
2012,3
2013,3
2014,3
2015,4
2016,2
2017,2
2018,2
2019,2
2020,4
2021,5
2022,5
2023,2
2024,2
2025,4
2026,5
2027,2
2028,3
2029,5
2030,5
2031,5
2032,2
2033,4
2034,4
2035,3
2036,3
2037,3
2038,5
2039,3
2040,3
2041,4
2042,2
2043,2
2044,2
2045,4
2046,2
2047,5
2048,5
2049,4
2050,4
2051,3
2052,5
2053,4
2054,3
2055,4
2056,4
2057,4
2058,5
2059,2
2060,5
2061,2
2062,3
2063,3
2064,3
2065,5
2066,4
2067,3
2068,2
2069,5
2070,2
2071,3
2072,3
2073,2
2074,3
2075,5
2076,5
2077,5
2078,5
2079,5
2080,5
2081,4
2082,5
2083,2
2084,3
2085,5
2086,5
2087,3
2088,2
2089,3
2090,3
2091,3
2092,3
2093,2
2094,4
2095,5
2096,4
2097,4
2098,3
2099,3
2100,3
2101,2
2102,4
2103,2
2104,4
2105,3
2106,3
2107,2
2108,5
2109,3
2110,4
2111,2
2112,2
2113,3
2114,5
2115,2
2116,2
2117,2
2118,2
2119,3
2120,4
2121,3
2122,4
2123,3
2124,4
2125,3
2126,2
2127,3
2128,3
2129,3
2130,2
2131,4
2132,4
2133,2
2134,4
2135,5
2136,5
2137,4
2138,2
2139,3
2140,5
2141,4
2142,4
2143,2
2144,2
2145,2
2146,3
2147,3
2148,3
2149,2
2150,2
2151,4
2152,4
2153,5
2154,5
2155,2
2156,4
2157,5
2158,2
2159,2
2160,3
2161,3
2162,3
2163,2
2164,5
2165,4
2166,3
2167,3
2168,5
2169,4
2170,3
2171,3
2172,2
2173,3
2174,4
2175,4
2176,5
2177,2
2178,2
2179,5
2180,5
2181,5
2182,3
2183,2
2184,4
2185,3
2186,3
2187,3
2188,4
2189,5
2190,3
2191,3
2192,3
2193,5
2194,5
2195,5
2196,4
2197,2
2198,2
2199,4
2200,3
2201,3
2202,5
2203,4
2204,3
2205,4
2206,2
2207,4
2208,2
2209,2
2210,2
2211,5
2212,3
2213,4
2214,5
2215,3
2216,3
2217,4
2218,4
2219,4
2220,3
2221,5
2222,2
2223,5
2224,2
2225,3
2226,2
2227,3
2228,2
2229,4
2230,4
2231,2
2232,5
2233,4
2234,3
2235,3
2236,2
2237,2
2238,3
2239,2
2240,3
2241,3
2242,5
2243,2
2244,2
2245,2
2246,2
2247,5
2248,4
2249,4
2250,3
2251,2
2252,4
2253,5
2254,4
2255,5
2256,2
2257,3
2258,3
2259,4
2260,5
2261,3
2262,5
2263,5
2264,4
2265,4
2266,2
2267,4
2268,4
2269,4
2270,3
2271,5
2272,5
2273,2
2274,4
2275,5
2276,5
2277,4
2278,5
2279,5
2280,4
2281,3
2282,4
2283,3
2284,5
2285,5
2286,3
2287,5
2288,3
2289,2
2290,5
2291,5
2292,4
2293,2
2294,5
2295,4
2296,5
2297,2
2298,2
2299,2
2300,2
2301,4
2302,3
2303,2
2304,4
2305,4
2306,5
2307,4
2308,3
2309,2
2310,5
2311,2
2312,5
2313,3
2314,5
2315,2
2316,4
2317,3
2318,2
2319,3
2320,4
2321,2
2322,5
2323,4
2324,5
2325,2
2326,3
2327,5
2328,5
2329,5
2330,2
2331,3
2332,2
2333,3
2334,2
2335,4
2336,2
2337,4
2338,3
2339,3
2340,3
2341,3
2342,5
2343,3
2344,4
2345,5
2346,5
2347,4
2348,3
2349,2
2350,2
2351,2
2352,2
2353,4
2354,3
2355,2
2356,4
2357,2
2358,3
2359,4
2360,2
2361,4
2362,5
2363,4
2364,4
2365,2
2366,4
2367,5
2368,5
2369,2
2370,2
2371,5
2372,2
2373,5
2374,4
2375,3
2376,4
2377,4
2378,2
2379,2
2380,2
2381,5
2382,3
2383,5
2384,2
2385,3
2386,5
2387,3
2388,5
2389,3
2390,5
2391,3
2392,5
2393,5
2394,3
2395,5
2396,2
2397,5
2398,4
2399,2
2400,2
2401,3
2402,3
2403,4
2404,2
2405,2
2406,4
2407,4
2408,5
2409,3
2410,5
2411,2
2412,5
2413,4
2414,3
2415,4
2416,4
2417,5
2418,4
2419,4
2420,2
2421,5
2422,3
2423,5
2424,5
2425,3
2426,2
2427,3
2428,5
2429,3
2430,4
2431,3
2432,3
2433,2
2434,4
2435,3
2436,3
2437,5
2438,2
2439,4
2440,4
2441,5
2442,5
2443,2
2444,5
2445,3
2446,2
2447,4
2448,3
2449,5
2450,5
2451,5
2452,5
2453,5
2454,3
2455,2
2456,2
2457,3
2458,4
2459,5
2460,3
2461,2
2462,4
2463,4
2464,4
2465,5
2466,5
2467,3
2468,5
2469,5
2470,3
2471,4
2472,4
2473,2
2474,2
2475,3
2476,2
2477,2
2478,5
2479,5
2480,3
2481,3
2482,4
2483,5
2484,5
2485,4
2486,5
2487,4
2488,3
2489,4
2490,3
2491,5
2492,4
2493,2
2494,3
2495,4
2496,4
2497,4
2498,3
2499,3
2500,2
2501,3
2502,3
2503,2
2504,4
2505,4
2506,3
2507,4
2508,5
2509,3
2510,5
2511,3
2512,4
2513,5
2514,5
2515,3
2516,4
2517,3
2518,3
2519,3
2520,5
2521,2
2522,3
2523,5
2524,5
2525,2
2526,4
2527,5
2528,5
2529,2
2530,5
2531,2
2532,2
2533,5
2534,4
2535,2
2536,3
2537,3
2538,3
2539,3
2540,5
2541,2
2542,3
2543,2
2544,3
2545,2
2546,5
2547,4
2548,3
2549,3
2550,2
2551,5
2552,4
2553,4
2554,2
2555,3
2556,5
2557,5
2558,4
2559,5
2560,2
2561,5
2562,5
2563,2
2564,4
2565,3
2566,4
2567,3
2568,4
2569,5
2570,5
2571,3
2572,4
2573,3
2574,5
2575,5
2576,3
2577,4
2578,5
2579,4
2580,5
2581,4
2582,4
2583,3
2584,5
2585,2
2586,2
2587,3
2588,3
2589,3
2590,4
2591,5
2592,2
2593,3
2594,2
2595,2
2596,5
2597,4
2598,5
2599,5
2600,4
2601,5
2602,4
2603,2
2604,2
2605,2
2606,3
2607,2
2608,3
2609,4
2610,5
2611,5
2612,3
2613,5
2614,3
2615,2
2616,2
2617,5
2618,3
2619,3
2620,4
2621,3
2622,5
2623,2
2624,5
2625,3
2626,4
2627,3
2628,5
2629,4
2630,5
2631,3
2632,5
2633,2
2634,5
2635,3
2636,5
2637,5
2638,5
2639,3
2640,2
2641,3
2642,3
2643,2
2644,2
2645,4
2646,5
2647,3
2648,2
2649,3
2650,2
2651,4
2652,4
2653,4
2654,5
2655,4
2656,5
2657,4
2658,2
2659,5
2660,2
2661,3
2662,1
2663,3
2664,2
2665,5
2666,2
2667,4
2668,2
2669,4
2670,2
2671,5
2672,3
2673,2
2674,2
2675,4
2676,5
2677,2
2678,5
2679,5
2680,3
2681,2
2682,4
2683,2
2684,4
2685,5
2686,4
2687,3
2688,3
2689,2
2690,3
2691,3
2692,2
2693,3
2694,2
2695,4
2696,2
2697,5
2698,4
2699,4
2700,3
2701,5
2702,2
2703,3
2704,4
2705,2
2706,3
2707,4
2708,4
2709,4
2710,3
2711,5
2712,2
2713,2
2714,5
2715,4
2716,3
2717,3
2718,5
2719,2
2720,4
2721,4
2722,2
2723,2
2724,5
2725,5
2726,3
2727,5
2728,2
2729,2
2730,3
2731,2
2732,5
2733,2
2734,4
2735,5
2736,4
2737,3
2738,3
2739,3
2740,4
2741,3
2742,3
2743,4
2744,5
2745,5
2746,4
2747,3
2748,5
2749,4
2750,4
2751,5
2752,5
2753,4
2754,4
2755,4
2756,5
2757,3
2758,4
2759,2
2760,4
2761,2
2762,3
2763,3
2764,2
2765,5
2766,5
2767,4
2768,3
2769,4
2770,2
2771,3
2772,4
2773,4
2774,3
2775,2
2776,5
2777,5
2778,4
2779,4
2780,5
2781,5
2782,2
2783,3
2784,2
2785,4
2786,1
2787,4
2788,3
2789,3
2790,3
2791,2
2792,5
2793,5
2794,3
2795,4
2796,4
2797,3
2798,5
2799,4
2800,3
2801,3
2802,4
2803,5
2804,2
2805,4
2806,3
2807,3
2808,2
2809,5
2810,4
2811,5
2812,4
2813,3
2814,3
2815,5
2816,4
2817,5
2818,2
2819,3
2820,3
2821,4
2822,2
2823,3
2824,2
2825,3
2826,3
2827,3
2828,2
2829,5
2830,5
2831,2
2832,4
2833,5
2834,3
2835,5
2836,4
2837,3
2838,4
2839,2
2840,4
2841,5
2842,2
2843,3
2844,2
2845,4
2846,5
2847,5
2848,4
2849,2
2850,4
2851,5
2852,4
2853,4
2854,2
2855,4
2856,4
2857,3
2858,5
2859,5
2860,4
2861,4
2862,2
2863,5
2864,3
2865,3
2866,4
2867,5
2868,5
2869,2
2870,4
2871,3
2872,5
2873,5
2874,2
2875,3
2876,4
2877,5
2878,4
2879,3
2880,3
2881,2
2882,4
2883,3
2884,5
2885,2
2886,4
2887,5
2888,2
2889,5
2890,3
2891,3
2892,3
2893,2
2894,4
2895,4
2896,4
2897,5
2898,5
2899,4
2900,3
2901,2
2902,2
2903,5
2904,3
2905,4
2906,3
2907,3
2908,5
2909,5
2910,3
2911,5
2912,4
2913,5
2914,2
2915,2
2916,2
2917,3
2918,3
2919,4
2920,5
2921,5
2922,2
2923,3
2924,2
2925,4
2926,3
2927,3
2928,4
2929,4
2930,3
2931,3
2932,4
2933,4
2934,3
2935,4
2936,5
2937,5
2938,5
2939,2
2940,2
2941,5
2942,5
2943,3
2944,5
2945,5
2946,2
2947,2
2948,3
2949,4
2950,4
2951,5
2952,2
2953,2
2954,3
2955,2
2956,2
2957,3
2958,4
2959,3
2960,3
2961,4
2962,5
2963,5
2964,5
2965,5
2966,2
2967,2
2968,5
2969,5
2970,5
2971,2
2972,3
2973,5
2974,4
2975,3
2976,4
2977,3
2978,4
2979,3
2980,4
2981,3
2982,2
2983,3
2984,5
2985,5
2986,2
2987,4
2988,2
2989,3
2990,2
2991,2
2992,3
2993,5
2994,3
2995,3
2996,3
2997,3
2998,3
2999,3
3000,4
3001,4
3002,2
3003,4
3004,3
3005,5
3006,3
3007,4
3008,2
3009,4
3010,2
3011,3
3012,5
3013,3
3014,2
3015,2
3016,4
3017,2
3018,4
3019,4
3020,3
3021,5
3022,3
3023,2
3024,5
3025,4
3026,3
3027,2
3028,3
3029,3
3030,2
3031,2
3032,5
3033,4
3034,4
3035,3
3036,4
3037,4
3038,2
3039,3
3040,3
3041,5
3042,4
3043,2
3044,3
3045,5
3046,5
3047,3
3048,4
3049,5
3050,5
3051,2
3052,2
3053,4
3054,4
3055,4
3056,2
3057,5
3058,4
3059,2
3060,2
3061,2
3062,3
3063,5
3064,3
3065,3
3066,3
3067,2
3068,3
3069,4
3070,2
3071,4
3072,3
3073,2
3074,5
3075,5
3076,4
3077,2
3078,4
3079,3
3080,4
3081,2
3082,2
3083,4
3084,5
3085,3
3086,4
3087,4
3088,4
3089,4
3090,5
3091,3
3092,2
3093,3
3094,4
3095,5
3096,4
3097,2
3098,5
3099,2
3100,3
3101,3
3102,4
3103,4
3104,3
3105,5
3106,4
3107,3
3108,5
3109,4
3110,3
3111,2
3112,2
3113,3
3114,4
3115,5
3116,2
3117,4
3118,5
3119,5
3120,2
3121,5
3122,4
3123,3
3124,4
3125,3
3126,3
3127,4
3128,5
3129,4
3130,3
3131,5
3132,5
3133,5
3134,5
3135,2
3136,3
3137,3
3138,2
3139,3
3140,5
3141,3
3142,3
3143,4
3144,2
3145,2
3146,3
3147,3
3148,4
3149,4
3150,3
3151,3
3152,5
3153,3
3154,5
3155,5
3156,3
3157,2
3158,2
3159,2
3160,5
3161,3
3162,4
3163,2
3164,4
3165,4
3166,3
3167,2
3168,3
3169,4
3170,5
3171,2
3172,4
3173,3
3174,3
3175,2
3176,4
3177,4
3178,3
3179,4
3180,2
3181,2
3182,4
3183,5
3184,4
3185,5
3186,5
3187,3
3188,2
3189,5
3190,2
3191,4
3192,2
3193,5
3194,5
3195,5
3196,2
3197,5
3198,4
3199,2
3200,5
3201,3
3202,3
3203,5
3204,3
3205,2
3206,3
3207,5
3208,2
3209,4
3210,2
3211,3
3212,4
3213,5
3214,2
3215,4
3216,4
3217,3
3218,2
3219,3
3220,4
3221,4
3222,4
3223,4
3224,2
3225,5
3226,5
3227,2
3228,2
3229,4
3230,4
3231,3
3232,3
3233,2
3234,3
3235,3
3236,3
3237,4
3238,4
3239,3
3240,3
3241,2
3242,5
3243,3
3244,4
3245,2
3246,3
3247,2
3248,5
3249,5
3250,5
3251,3
3252,4
3253,3
3254,3
3255,4
3256,3
3257,3
3258,3
3259,5
3260,5
3261,4
3262,4
3263,4
3264,5
3265,3
3266,3
3267,3
3268,2
3269,3
3270,3
3271,4
3272,2
3273,5
3274,4
3275,3
3276,2
3277,4
3278,2
3279,5
3280,2
3281,4
3282,2
3283,2
3284,3
3285,2
3286,2
3287,2
3288,4
3289,5
3290,2
3291,3
3292,2
3293,5
3294,3
3295,4
3296,2
3297,3
3298,3
3299,5
3300,2
3301,5
3302,4
3303,5
3304,4
3305,3
3306,3
3307,5
3308,5
3309,4
3310,3
3311,3
3312,3
3313,3
3314,2
3315,3
3316,2
3317,4
3318,5
3319,5
3320,5
3321,5
3322,3
3323,3
3324,3
3325,4
3326,3
3327,2
3328,5
3329,5
3330,2
3331,4
3332,5
3333,2
3334,2
3335,2
3336,3
3337,2
3338,3
3339,2
3340,4
3341,3
3342,5
3343,5
3344,5
3345,3
3346,5
3347,5
3348,3
3349,5
3350,5
3351,2
3352,2
3353,4
3354,4
3355,3
3356,2
3357,4
3358,2
3359,2
3360,5
3361,3
3362,2
3363,5
3364,5
3365,4
3366,4
3367,5
3368,3
3369,5
3370,2
3371,5
3372,1
3373,2
3374,5
3375,3
3376,5
3377,2
3378,4
3379,5
3380,5
3381,3
3382,3
3383,3
3384,5
3385,3
3386,3
3387,3
3388,2
3389,5
3390,5
3391,2
3392,3
3393,5
3394,2
3395,5
3396,2
3397,5
3398,2
3399,5
3400,2
3401,2
3402,5
3403,3
3404,4
3405,4
3406,4
3407,5
3408,2
3409,4
3410,4
3411,3
3412,4
3413,4
3414,2
3415,3
3416,5
3417,4
3418,5
3419,4
3420,5
3421,5
3422,2
3423,5
3424,3
3425,2
3426,3
3427,5
3428,3
3429,2
3430,3
3431,4
3432,3
3433,3
3434,3
3435,5
3436,4
3437,5
3438,4
3439,4
3440,2
3441,3
3442,4
3443,2
3444,2
3445,3
3446,3
3447,4
3448,5
3449,5
3450,4
3451,2
3452,2
3453,5
3454,4
3455,3
3456,4
3457,2
3458,2
3459,2
3460,2
3461,5
3462,5
3463,4
3464,5
3465,2
3466,3
3467,3
3468,4
3469,4
3470,5
3471,4
3472,2
3473,5
3474,4
3475,3
3476,5
3477,3
3478,2
3479,3
3480,3
3481,5
3482,2
3483,4
3484,3
3485,3
3486,3
3487,4
3488,2
3489,5
3490,3
3491,5
3492,3
3493,2
3494,4
3495,4
3496,4
3497,5
3498,3
3499,5
3500,4
3501,5
3502,3
3503,4
3504,4
3505,3
3506,4
3507,2
3508,2
3509,5
3510,2
3511,4
3512,3
3513,2
3514,4
3515,5
3516,5
3517,5
3518,5
3519,2
3520,2
3521,4
3522,3
3523,2
3524,5
3525,3
3526,3
3527,2
3528,5
3529,4
3530,5
3531,3
3532,3
3533,2
3534,5
3535,2
3536,2
3537,5
3538,4
3539,2
3540,4
3541,4
3542,4
3543,5
3544,5
3545,5
3546,5
3547,4
3548,5
3549,4
3550,3
3551,4
3552,5
3553,3
3554,2
3555,4
3556,3
3557,2
3558,4
3559,2
3560,5
3561,2
3562,3
3563,3
3564,5
3565,3
3566,4
3567,3
3568,4
3569,3
3570,2
3571,3
3572,5
3573,3
3574,3
3575,3
3576,4
3577,4
3578,5
3579,3
3580,4
3581,2
3582,3
3583,3
3584,2
3585,2
3586,2
3587,2
3588,4
3589,2
3590,2
3591,4
3592,4
3593,3
3594,2
3595,5
3596,5
3597,4
3598,2
3599,4
3600,3
3601,2
3602,3
3603,3
3604,5
3605,3
3606,4
3607,3
3608,4
3609,4
3610,3
3611,4
3612,4
3613,4
3614,3
3615,4
3616,3
3617,3
3618,3
3619,2
3620,4
3621,5
3622,4
3623,4
3624,3
3625,4
3626,4
3627,5
3628,5
3629,5
3630,5
3631,5
3632,5
3633,3
3634,3
3635,3
3636,2
3637,4
3638,3
3639,3
3640,4
3641,4
3642,5
3643,2
3644,4
3645,4
3646,2
3647,2
3648,3
3649,3
3650,2
3651,4
3652,5
3653,2
3654,2
3655,3
3656,4
3657,3
3658,3
3659,3
3660,5
3661,3
3662,3
3663,2
3664,5
3665,4
3666,3
3667,2
3668,3
3669,5
3670,2
3671,2
3672,5
3673,3
3674,2
3675,3
3676,2
3677,5
3678,4
3679,3
3680,3
3681,4
3682,5
3683,5
3684,3
3685,4
3686,4
3687,5
3688,5
3689,5
3690,4
3691,4
3692,3
3693,5
3694,4
3695,2
3696,4
3697,4
3698,5
3699,3
3700,4
3701,3
3702,5
3703,2
3704,5
3705,2
3706,3
3707,4
3708,3
3709,3
3710,2
3711,5
3712,3
3713,4
3714,2
3715,2
3716,3
3717,2
3718,3
3719,4
3720,2
3721,2
3722,5
3723,2
3724,3
3725,5
3726,3
3727,3
3728,4
3729,2
3730,3
3731,5
3732,2
3733,4
3734,5
3735,2
3736,2
3737,5
3738,3
3739,4
3740,4
3741,5
3742,3
3743,3
3744,5
3745,4
3746,2
3747,2
3748,3
3749,4
3750,2
3751,2
3752,2
3753,2
3754,3
3755,3
3756,4
3757,5
3758,3
3759,5
3760,3
3761,3
3762,3
3763,2
3764,4
3765,2
3766,2
3767,3
3768,2
3769,2
3770,5
3771,4
3772,3
3773,4
3774,5
3775,5
3776,4
3777,2
3778,2
3779,4
3780,3
3781,2
3782,2
3783,4
3784,5
3785,3
3786,4
3787,2
3788,2
3789,2
3790,3
3791,4
3792,4
3793,4
3794,4
3795,3
3796,4
3797,4
3798,4
3799,2
3800,4
3801,2
3802,3
3803,3
3804,4
3805,4
3806,3
3807,2
3808,2
3809,3
3810,5
3811,2
3812,4
3813,4
3814,4
3815,3
3816,4
3817,4
3818,2
3819,3
3820,2
3821,2
3822,2
3823,4
3824,4
3825,4
3826,4
3827,5
3828,5
3829,4
3830,4
3831,2
3832,5
3833,4
3834,4
3835,2
3836,4
3837,3
3838,3
3839,2
3840,2
3841,5
3842,3
3843,3
3844,4
3845,5
3846,2
3847,2
3848,3
3849,2
3850,2
3851,4
3852,3
3853,5
3854,4
3855,4
3856,4
3857,3
3858,4
3859,3
3860,5
3861,3
3862,2
3863,2
3864,2
3865,3
3866,4
3867,2
3868,2
3869,2
3870,3
3871,4
3872,2
3873,2
3874,3
3875,4
3876,4
3877,3
3878,5
3879,4
3880,2
3881,3
3882,3
3883,5
3884,4
3885,4
3886,3
3887,2
3888,5
3889,3
3890,5
3891,4
3892,4
3893,4
3894,5
3895,3
3896,2
3897,3
3898,4
3899,3
3900,5
3901,3
3902,2
3903,4
3904,5
3905,5
3906,3
3907,2
3908,3
3909,5
3910,3
3911,3
3912,5
3913,5
3914,3
3915,4
3916,4
3917,5
3918,2
3919,5
3920,3
3921,2
3922,4
3923,2
3924,3
3925,2
3926,5
3927,4
3928,4
3929,4
3930,4
3931,3
3932,2
3933,4
3934,2
3935,2
3936,4
3937,4
3938,5
3939,2
3940,3
3941,2
3942,3
3943,2
3944,5
3945,3
3946,4
3947,2
3948,5
3949,5
3950,2
3951,4
3952,3
3953,2
3954,5
3955,2
3956,3
3957,3
3958,3
3959,4
3960,2
3961,5
3962,5
3963,5
3964,3
3965,2
3966,2
3967,3
3968,4
3969,5
3970,4
3971,4
3972,3
3973,5
3974,3
3975,5
3976,3
3977,2
3978,2
3979,5
3980,4
3981,3
3982,2
3983,5
3984,4
3985,3
3986,4
3987,4
3988,5
3989,5
3990,5
3991,3
3992,2
3993,2
3994,2
3995,5
3996,3
3997,5
3998,5
3999,5
4000,4
4001,5
4002,2
4003,2
4004,5
4005,5
4006,5
4007,3
4008,5
4009,3
4010,5
4011,3
4012,4
4013,2
4014,4
4015,3
4016,2
4017,5
4018,4
4019,5
4020,5
4021,5
4022,4
4023,4
4024,4
4025,3
4026,4
4027,2
4028,4
4029,5
4030,5
4031,2
4032,5
4033,4
4034,5
4035,2
4036,4
4037,4
4038,5
4039,3
4040,2
4041,2
4042,4
4043,3
4044,4
4045,5
4046,3
4047,2
4048,2
4049,5
4050,3
4051,2
4052,5
4053,2
4054,3
4055,3
4056,3
4057,3
4058,2
4059,2
4060,2
4061,3
4062,3
4063,2
4064,4
4065,2
4066,3
4067,5
4068,5
4069,3
4070,2
4071,2
4072,2
4073,4
4074,2
4075,3
4076,2
4077,2
4078,4
4079,5
4080,4
4081,4
4082,4
4083,3
4084,3
4085,4
4086,4
4087,5
4088,4
4089,5
4090,5
4091,4
4092,4
4093,4
4094,2
4095,5
4096,3
4097,2
4098,4
4099,3
4100,4
4101,3
4102,2
4103,4
4104,4
4105,2
4106,5
4107,4
4108,5
4109,3
4110,2
4111,2
4112,3
4113,4
4114,4
4115,4
4116,4
4117,5
4118,2
4119,2
4120,4
4121,4
4122,4
4123,2
4124,5
4125,5
4126,3
4127,2
4128,5
4129,2
4130,2
4131,4
4132,4
4133,4
4134,5
4135,5
4136,5
4137,3
4138,4
4139,2
4140,5
4141,2
4142,5
4143,3
4144,4
4145,2
4146,4
4147,5
4148,4
4149,4
4150,4
4151,3
4152,3
4153,3
4154,5
4155,4
4156,5
4157,2
4158,3
4159,2
4160,3
4161,2
4162,2
4163,5
4164,3
4165,3
4166,4
4167,3
4168,5
4169,5
4170,3
4171,5
4172,4
4173,2
4174,4
4175,3
4176,4
4177,4
4178,5
4179,5
4180,2
4181,5
4182,3
4183,4
4184,3
4185,5
4186,3
4187,2
4188,3
4189,2
4190,2
4191,5
4192,3
4193,5
4194,2
4195,2
4196,2
4197,2
4198,3
4199,3
4200,2
4201,4
4202,4
4203,4
4204,5
4205,2
4206,4
4207,2
4208,2
4209,5
4210,5
4211,4
4212,5
4213,5
4214,4
4215,2
4216,3
4217,2
4218,4
4219,2
4220,3
4221,2
4222,2
4223,2
4224,3
4225,4
4226,3
4227,2
4228,4
4229,3
4230,4
4231,5
4232,5
4233,4
4234,3
4235,2
4236,4
4237,3
4238,5
4239,2
4240,2
4241,4
4242,4
4243,5
4244,2
4245,2
4246,4
4247,2
4248,2
4249,2
4250,5
4251,4
4252,5
4253,2
4254,5
4255,2
4256,2
4257,4
4258,4
4259,3
4260,5
4261,5
4262,3
4263,3
4264,5
4265,5
4266,3
4267,4
4268,3
4269,2
4270,3
4271,5
4272,5
4273,2
4274,2
4275,4
4276,5
4277,3
4278,5
4279,5
4280,2
4281,5
4282,5
4283,3
4284,2
4285,5
4286,3
4287,4
4288,2
4289,3
4290,4
4291,3
4292,4
4293,3
4294,2
4295,2
4296,5
4297,4
4298,2
4299,4
4300,2
4301,2
4302,4
4303,4
4304,5
4305,4
4306,5
4307,4
4308,4
4309,4
4310,2
4311,2
4312,2
4313,2
4314,3
4315,2
4316,4
4317,5
4318,5
4319,5
4320,3
4321,2
4322,5
4323,4
4324,4
4325,2
4326,4
4327,5
4328,2
4329,3
4330,5
4331,3
4332,4
4333,4
4334,4
4335,2
4336,3
4337,4
4338,5
4339,5
4340,2
4341,3
4342,3
4343,4
4344,4
4345,2
4346,5
4347,2
4348,4
4349,2
4350,4
4351,2
4352,5
4353,2
4354,2
4355,3
4356,5
4357,5
4358,5
4359,3
4360,5
4361,3
4362,3
4363,4
4364,5
4365,5
4366,4
4367,2
4368,4
4369,5
4370,2
4371,5
4372,5
4373,2
4374,2
4375,4
4376,5
4377,4
4378,3
4379,2
4380,4
4381,2
4382,2
4383,2
4384,5
4385,3
4386,4
4387,5
4388,5
4389,5
4390,3
4391,3
4392,3
4393,4
4394,3
4395,5
4396,5
4397,5
4398,4
4399,4
4400,2
4401,5
4402,4
4403,4
4404,2
4405,3
4406,4
4407,5
4408,2
4409,2
4410,2
4411,4
4412,5
4413,4
4414,2
4415,4
4416,3
4417,5
4418,4
4419,5
4420,5
4421,2
4422,4
4423,3
4424,4
4425,5
4426,2
4427,5
4428,5
4429,4
4430,2
4431,4
4432,5
4433,5
4434,4
4435,3
4436,4
4437,4
4438,5
4439,3
4440,3
4441,5
4442,4
4443,4
4444,5
4445,5
4446,3
4447,3
4448,3
4449,4
4450,4
4451,5
4452,5
4453,5
4454,2
4455,3
4456,4
4457,4
4458,3
4459,2
4460,4
4461,2
4462,4
4463,5
4464,3
4465,2
4466,5
4467,3
4468,3
4469,5
4470,3
4471,4
4472,4
4473,4
4474,4
4475,2
4476,3
4477,4
4478,5
4479,5
4480,2
4481,4
4482,5
4483,5
4484,4
4485,4
4486,5
4487,3
4488,2
4489,2
4490,4
4491,4
4492,2
4493,3
4494,4
4495,4
4496,3
4497,2
4498,3
4499,3
4500,5
4501,2
4502,5
4503,3
4504,4
4505,2
4506,4
4507,5
4508,3
4509,3
4510,5
4511,4
4512,2
4513,2
4514,3
4515,4
4516,4
4517,3
4518,2
4519,2
4520,3
4521,3
4522,5
4523,3
4524,5
4525,2
4526,2
4527,4
4528,3
4529,4
4530,4
4531,4
4532,4
4533,3
4534,5
4535,5
4536,4
4537,4
4538,2
4539,4
4540,5
4541,2
4542,3
4543,3
4544,4
4545,2
4546,5
4547,2
4548,4
4549,3
4550,4
4551,2
4552,3
4553,2
4554,5
4555,3
4556,5
4557,3
4558,5
4559,4
4560,5
4561,3
4562,3
4563,3
4564,4
4565,2
4566,4
4567,4
4568,5
4569,3
4570,3
4571,2
4572,4
4573,5
4574,3
4575,4
4576,4
4577,5
4578,3
4579,5
4580,2
4581,5
